[{"id":1,"first_name":"Keelia","last_name":"Kenningley","email":"kkenningley0@twitpic.com","gender":"Female"},
{"id":2,"first_name":"Genna","last_name":"Ettles","email":"gettles1@cargocollective.com","gender":"Female"},
{"id":3,"first_name":"Isador","last_name":"Bacup","email":"ibacup2@go.com","gender":"Male"},
{"id":4,"first_name":"Libbey","last_name":"Probin","email":"lprobin3@accuweather.com","gender":"Female"},
{"id":5,"first_name":"Corney","last_name":"Bibbie","email":"cbibbie4@bbb.org","gender":"Male"},
{"id":6,"first_name":"Janka","last_name":"Cootes","email":"jcootes5@dion.ne.jp","gender":"Female"},
{"id":7,"first_name":"Corinna","last_name":"Peppin","email":"cpeppin6@phoca.cz","gender":"Female"},
{"id":8,"first_name":"Farlee","last_name":"Burdytt","email":"fburdytt7@unc.edu","gender":"Male"},
{"id":9,"first_name":"Florenza","last_name":"Guinn","email":"fguinn8@domainmarket.com","gender":"Female"},
{"id":10,"first_name":"Silvana","last_name":"Trathen","email":"strathen9@odnoklassniki.ru","gender":"Female"},
{"id":11,"first_name":"Pyotr","last_name":"Barcroft","email":"pbarcrofta@acquirethisname.com","gender":"Male"},
{"id":12,"first_name":"Jerome","last_name":"Skaife d'Ingerthorpe","email":"jskaifedingerthorpeb@joomla.org","gender":"Male"},
{"id":13,"first_name":"Wally","last_name":"Sharville","email":"wsharvillec@yellowpages.com","gender":"Female"},
{"id":14,"first_name":"Kordula","last_name":"Vlies","email":"kvliesd@va.gov","gender":"Female"},
{"id":15,"first_name":"Weidar","last_name":"Demongeot","email":"wdemongeote@liveinternet.ru","gender":"Male"},
{"id":16,"first_name":"Ginnie","last_name":"Leversuch","email":"gleversuchf@umn.edu","gender":"Female"},
{"id":17,"first_name":"Godfry","last_name":"Fardy","email":"gfardyg@census.gov","gender":"Male"},
{"id":18,"first_name":"Devondra","last_name":"Niccolls","email":"dniccollsh@amazon.co.uk","gender":"Female"},
{"id":19,"first_name":"Erskine","last_name":"Saer","email":"esaeri@wunderground.com","gender":"Male"},
{"id":20,"first_name":"Arlee","last_name":"Pontefract","email":"apontefractj@zdnet.com","gender":"Female"},
{"id":21,"first_name":"Rabi","last_name":"Mears","email":"rmearsk@twitter.com","gender":"Male"},
{"id":22,"first_name":"Annamaria","last_name":"Beining","email":"abeiningl@tripadvisor.com","gender":"Female"},
{"id":23,"first_name":"Kim","last_name":"Marle","email":"kmarlem@msu.edu","gender":"Male"},
{"id":24,"first_name":"Jenna","last_name":"Twine","email":"jtwinen@google.pl","gender":"Female"},
{"id":25,"first_name":"Yorker","last_name":"Blanshard","email":"yblanshardo@yellowbook.com","gender":"Male"},
{"id":26,"first_name":"Deloris","last_name":"Hovy","email":"dhovyp@posterous.com","gender":"Female"},
{"id":27,"first_name":"Haslett","last_name":"Louder","email":"hlouderq@hatena.ne.jp","gender":"Male"},
{"id":28,"first_name":"Brandtr","last_name":"Mazillius","email":"bmazilliusr@nytimes.com","gender":"Male"},
{"id":29,"first_name":"Kelsey","last_name":"Bleythin","email":"kbleythins@reddit.com","gender":"Female"},
{"id":30,"first_name":"Maddy","last_name":"Carnalan","email":"mcarnalant@netlog.com","gender":"Male"},
{"id":31,"first_name":"Darius","last_name":"Brand","email":"dbrandu@t-online.de","gender":"Male"},
{"id":32,"first_name":"Gilles","last_name":"Tallon","email":"gtallonv@ow.ly","gender":"Male"},
{"id":33,"first_name":"Tibold","last_name":"Posse","email":"tpossew@discuz.net","gender":"Male"},
{"id":34,"first_name":"Esmeralda","last_name":"Poncet","email":"eponcetx@earthlink.net","gender":"Female"},
{"id":35,"first_name":"Celene","last_name":"Ritelli","email":"critelliy@webmd.com","gender":"Female"},
{"id":36,"first_name":"Zacharias","last_name":"Spehr","email":"zspehrz@ted.com","gender":"Male"},
{"id":37,"first_name":"Vivien","last_name":"Bertelet","email":"vbertelet10@redcross.org","gender":"Female"},
{"id":38,"first_name":"Anabella","last_name":"Hagstone","email":"ahagstone11@mediafire.com","gender":"Female"},
{"id":39,"first_name":"Tabbitha","last_name":"Shovelin","email":"tshovelin12@chicagotribune.com","gender":"Female"},
{"id":40,"first_name":"Shaughn","last_name":"Kemer","email":"skemer13@latimes.com","gender":"Male"},
{"id":41,"first_name":"Richy","last_name":"Pitkeathley","email":"rpitkeathley14@usda.gov","gender":"Male"},
{"id":42,"first_name":"Jacinda","last_name":"O'Mara","email":"jomara15@noaa.gov","gender":"Female"},
{"id":43,"first_name":"Fitz","last_name":"Cazin","email":"fcazin16@list-manage.com","gender":"Male"},
{"id":44,"first_name":"Davidde","last_name":"Agglione","email":"dagglione17@github.io","gender":"Male"},
{"id":45,"first_name":"Ailbert","last_name":"Ferrer","email":"aferrer18@symantec.com","gender":"Male"},
{"id":46,"first_name":"Lucila","last_name":"Bennis","email":"lbennis19@unicef.org","gender":"Female"},
{"id":47,"first_name":"Doralin","last_name":"Staite","email":"dstaite1a@jalbum.net","gender":"Female"},
{"id":48,"first_name":"Tito","last_name":"Signori","email":"tsignori1b@walmart.com","gender":"Male"},
{"id":49,"first_name":"Dixie","last_name":"Turmell","email":"dturmell1c@reference.com","gender":"Female"},
{"id":50,"first_name":"Alyosha","last_name":"Ferber","email":"aferber1d@smh.com.au","gender":"Male"},
{"id":51,"first_name":"Lee","last_name":"Pere","email":"lpere1e@ow.ly","gender":"Male"},
{"id":52,"first_name":"Germain","last_name":"Lidbetter","email":"glidbetter1f@who.int","gender":"Male"},
{"id":53,"first_name":"Vic","last_name":"Levane","email":"vlevane1g@dell.com","gender":"Male"},
{"id":54,"first_name":"Billie","last_name":"Sutherns","email":"bsutherns1h@aboutads.info","gender":"Female"},
{"id":55,"first_name":"Abigael","last_name":"Huncoot","email":"ahuncoot1i@networksolutions.com","gender":"Female"},
{"id":56,"first_name":"Elwira","last_name":"Ryhorovich","email":"eryhorovich1j@pinterest.com","gender":"Female"},
{"id":57,"first_name":"Cosette","last_name":"Paliser","email":"cpaliser1k@opensource.org","gender":"Female"},
{"id":58,"first_name":"Julius","last_name":"O' Driscoll","email":"jodriscoll1l@uol.com.br","gender":"Male"},
{"id":59,"first_name":"Gabi","last_name":"Spittall","email":"gspittall1m@pen.io","gender":"Female"},
{"id":60,"first_name":"Archibald","last_name":"Taffrey","email":"ataffrey1n@huffingtonpost.com","gender":"Male"},
{"id":61,"first_name":"Samuele","last_name":"Mitham","email":"smitham1o@oaic.gov.au","gender":"Male"},
{"id":62,"first_name":"Janetta","last_name":"Chaster","email":"jchaster1p@elegantthemes.com","gender":"Female"},
{"id":63,"first_name":"Abdul","last_name":"Doag","email":"adoag1q@github.com","gender":"Male"},
{"id":64,"first_name":"Margette","last_name":"Atkin","email":"matkin1r@ftc.gov","gender":"Female"},
{"id":65,"first_name":"Zeb","last_name":"MacMenemy","email":"zmacmenemy1s@toplist.cz","gender":"Male"},
{"id":66,"first_name":"Nikola","last_name":"Cressey","email":"ncressey1t@virginia.edu","gender":"Male"},
{"id":67,"first_name":"Dallas","last_name":"Dinwoodie","email":"ddinwoodie1u@ask.com","gender":"Male"},
{"id":68,"first_name":"Rudd","last_name":"Baytrop","email":"rbaytrop1v@mail.ru","gender":"Male"},
{"id":69,"first_name":"Barde","last_name":"Langelaan","email":"blangelaan1w@1688.com","gender":"Male"},
{"id":70,"first_name":"Bail","last_name":"McFeat","email":"bmcfeat1x@washington.edu","gender":"Male"},
{"id":71,"first_name":"Anson","last_name":"Hollingdale","email":"ahollingdale1y@bluehost.com","gender":"Male"},
{"id":72,"first_name":"Gerald","last_name":"Elgey","email":"gelgey1z@wix.com","gender":"Male"},
{"id":73,"first_name":"Baxy","last_name":"Rowly","email":"browly20@about.com","gender":"Male"},
{"id":74,"first_name":"Samuel","last_name":"Hoyte","email":"shoyte21@ted.com","gender":"Male"},
{"id":75,"first_name":"Wilow","last_name":"Setterfield","email":"wsetterfield22@ca.gov","gender":"Female"},
{"id":76,"first_name":"Hakim","last_name":"Towell","email":"htowell23@umich.edu","gender":"Male"},
{"id":77,"first_name":"Sollie","last_name":"Postan","email":"spostan24@hubpages.com","gender":"Male"},
{"id":78,"first_name":"Jaquenette","last_name":"Baynon","email":"jbaynon25@blogger.com","gender":"Female"},
{"id":79,"first_name":"Curtis","last_name":"Lasty","email":"clasty26@privacy.gov.au","gender":"Male"},
{"id":80,"first_name":"Reggie","last_name":"Leinthall","email":"rleinthall27@shop-pro.jp","gender":"Male"},
{"id":81,"first_name":"Garek","last_name":"Dixie","email":"gdixie28@boston.com","gender":"Male"},
{"id":82,"first_name":"Virgie","last_name":"Patron","email":"vpatron29@answers.com","gender":"Male"},
{"id":83,"first_name":"Welby","last_name":"Stollard","email":"wstollard2a@cdc.gov","gender":"Male"},
{"id":84,"first_name":"Blake","last_name":"Poynser","email":"bpoynser2b@nbcnews.com","gender":"Male"},
{"id":85,"first_name":"Britt","last_name":"Brundrett","email":"bbrundrett2c@wix.com","gender":"Female"},
{"id":86,"first_name":"Cher","last_name":"Surtees","email":"csurtees2d@prlog.org","gender":"Female"},
{"id":87,"first_name":"Indira","last_name":"Lathwood","email":"ilathwood2e@paginegialle.it","gender":"Female"},
{"id":88,"first_name":"Cherye","last_name":"Sanzio","email":"csanzio2f@imageshack.us","gender":"Female"},
{"id":89,"first_name":"Jaimie","last_name":"Fettis","email":"jfettis2g@hatena.ne.jp","gender":"Male"},
{"id":90,"first_name":"Roderich","last_name":"Schaben","email":"rschaben2h@nytimes.com","gender":"Male"},
{"id":91,"first_name":"Iris","last_name":"Filyaev","email":"ifilyaev2i@foxnews.com","gender":"Female"},
{"id":92,"first_name":"Anitra","last_name":"Rustan","email":"arustan2j@feedburner.com","gender":"Female"},
{"id":93,"first_name":"Lynsey","last_name":"Audley","email":"laudley2k@blog.com","gender":"Female"},
{"id":94,"first_name":"Rozella","last_name":"Coggin","email":"rcoggin2l@huffingtonpost.com","gender":"Female"},
{"id":95,"first_name":"Tommy","last_name":"Thaim","email":"tthaim2m@paginegialle.it","gender":"Male"},
{"id":96,"first_name":"Lauretta","last_name":"Hutley","email":"lhutley2n@reference.com","gender":"Female"},
{"id":97,"first_name":"Arielle","last_name":"Chasmar","email":"achasmar2o@loc.gov","gender":"Female"},
{"id":98,"first_name":"Godfrey","last_name":"Osband","email":"gosband2p@behance.net","gender":"Male"},
{"id":99,"first_name":"Lawry","last_name":"Toolin","email":"ltoolin2q@shareasale.com","gender":"Male"},
{"id":100,"first_name":"Margie","last_name":"Tossell","email":"mtossell2r@wikia.com","gender":"Female"}]